{
  "best_global_step": null,
  "best_metric": null,
  "best_model_checkpoint": null,
  "epoch": 0.8,
  "eval_steps": 500,
  "global_step": 30,
  "is_hyper_param_search": false,
  "is_local_process_zero": true,
  "is_world_process_zero": true,
  "log_history": [
    {
      "entropy": 1.4998098015785217,
      "epoch": 0.26666666666666666,
      "grad_norm": 2.8585269451141357,
      "learning_rate": 0.00015263157894736845,
      "loss": 1.0432,
      "mean_token_accuracy": 0.8075173750519753,
      "num_tokens": 125705.0,
      "step": 10
    },
    {
      "entropy": 1.1139943346381187,
      "epoch": 0.5333333333333333,
      "grad_norm": 1.9753013849258423,
      "learning_rate": 0.0001,
      "loss": 0.2012,
      "mean_token_accuracy": 0.9411417573690415,
      "num_tokens": 250477.0,
      "step": 20
    },
    {
      "entropy": 0.8906416609883309,
      "epoch": 0.8,
      "grad_norm": 1.4981571435928345,
      "learning_rate": 4.736842105263158e-05,
      "loss": 0.0768,
      "mean_token_accuracy": 0.9768030166625976,
      "num_tokens": 374326.0,
      "step": 30
    }
  ],
  "logging_steps": 10,
  "max_steps": 38,
  "num_input_tokens_seen": 0,
  "num_train_epochs": 1,
  "save_steps": 10,
  "stateful_callbacks": {
    "TrainerControl": {
      "args": {
        "should_epoch_stop": false,
        "should_evaluate": false,
        "should_log": false,
        "should_save": true,
        "should_training_stop": false
      },
      "attributes": {}
    }
  },
  "total_flos": 261085527115776.0,
  "train_batch_size": 6,
  "trial_name": null,
  "trial_params": null
}
